airport,Daiagi,39.990194,-75.044806
airport,Express Marine Inc,39.963437,-75.095114
airport,Liberty Travel,39.99075819999999,-75.1247928
airport,Express Marine Heliport,39.95233470000001,-75.0840625
airport,36PA,39.9901111,-75.1304527
church,St Bartholomew's Roman Cath,40.0176767,-75.0662827
church,Holy Name,39.9756289,-75.1275158
church,Disney AME Church,39.98537979999999,-75.1156889
church,Believe Restoration Christian Center Church,39.992022,-75.11274499999999
church,Nativity BVM Church,39.9866745,-75.1042135
church,Mary Queen of All Saints,39.9570404,-75.0646677
church,Firm Hope Baptist Church,39.9851696,-75.1151088
church,St Andrews Episcopal Church,39.9585453,-75.0885338
church,First Church of the Lord Jesus,39.9823384,-75.1266216
church,World Harvest Christian Center,39.9695475,-75.048079
church,True Vine Church Community,40.0202434,-75.0566175
church,Summerfield Church,39.9794902,-75.1273588
church,By Grace Alone Frankford Fellowship CRC,40.02362289999999,-75.08367369999999
church,Grace Baptist Church,40.0024444,-75.0718162
church,TLM,40.0085571,-75.0686286
church,Mizpah Seventh Day Adventist,40.011559,-75.086298
church,First Presbyterian Church,40.0022847,-75.0662122
church,Kensington Assembly of God,39.996028,-75.104089
church,Archdiocese of Philadelphia,39.9897489,-75.12620179999999
church,Urban Hope Training Center,40.0027398,-75.1262852
church,Visitation BVM Roman Catholic Parish,39.9899496,-75.1268882
church,Bethel Chapel Church,40.00964829999999,-75.1047613
church,Victory Outreach North Philadelphia,40.002389,-75.111428
church,Grace Church & the Incarnation,39.9892904,-75.0932598
church,Campbell AME Church,40.0131967,-75.08472669999999
church,Holy Spirit United Methodist Church,40.010565,-75.0984936
church,Circle of Hope,39.97874889999999,-75.12987319999999
church,Bridesburg United Methodist Church,40.00250270000001,-75.06845419999999
church,Hope Philadelphia Church,40.0189841,-75.0645133
church,St. Paul's House,39.98682899999999,-75.103524
church,Faith Assembly of God,40.012952,-75.07791399999999
church,Second Baptist Church of Frankford,40.01363509999999,-75.07996
church,The Church of Jesus Christ of Latter-day Saints,40.01521969999999,-75.085404
church,St. John Baptist Church,39.9513978,-75.0844142
church,Wissinoming United Methodist Church,40.02009,-75.061081
church,St Francis House,39.95644519999999,-75.0912006
church,Bethesda United Methodist Church,39.98722799999999,-75.091849
church,Elite Linen LLC,40.0140616,-75.0910155
church,St Thomas' Church Whitemarsh,40.015785,-75.08421299999999
church,Seventh Day Adventists Church,39.9967637,-75.11673580000001
church,Universal Life Church,39.9874744,-75.1003143
church,Grace-Trinity UCC,40.0270149,-75.08544669999999
church,Liberti Church East,39.9776148,-75.12447569999999
church,St John Cantius Church,40.0001831,-75.0751677
church,St Martin Of Tours Church: Social Services,40.0316631,-75.0866242
church,St Michael's Lutheran Church-Kensington,39.9823548,-75.124687
church,House of Joy,40.0141815,-75.0721926
church,Kingdom Hall of Jehovah's Witnesses,40.01698280000001,-75.0911021
church,The Baptist Worship Center,40.0091411,-75.0736436
church,St Annes Rectory,39.982539,-75.118763
church,Cornerstone Community Church,39.9926272,-75.11043230000001
church,Union Bikeworks,39.9772486,-75.1242606
church,St Mark's Church Frankford,40.0134003,-75.087023
church,Bethel Baptist Church,39.9787607,-75.1289771
church,St Adalbert's Rectory,39.98477019999999,-75.10248729999999
church,Mother of Divine Grace Church,39.9812285,-75.1099813
church,St. Mary's Malankara Orthodox Syrian Cathedral,40.0156496,-75.087473
church,Calvary Chapel on Kings Highway,40.0135536,-75.0872751
church,St Joan of Arc,39.9979295,-75.10269029999999
church,St Anthony of Padua,39.9564509,-75.0918815
courthouse,Pennsauken Municipal Court,39.9644317,-75.0483935
courthouse,Palmyra Municipal Court,40.0031982,-75.0221553
embassy,Honorary Consult of Poland,39.98606849999999,-75.104434
gas_station,HARBISON CITGO,40.0128287,-75.06925729999999
gas_station,Gulf Gas Station,40.0043546,-75.0366547
gas_station,Sunoco Gas Station,39.9835318,-75.1158633
gas_station,PENNSAUKEN CITGO,39.9672631,-75.0498485
gas_station,LIBERTY,40.0113169,-75.10964299999999
gas_station,Palmyra Getty,40.0046292,-75.0378374
gas_station,RT 73 FUEL STOP,40.0005042,-75.0364177
gas_station,PENNSAUKEN POINT GULF,39.97053030000001,-75.0436035
gas_station,Wawa,39.9642336,-75.0505108
gas_station,US Petroleum,39.9541638,-75.0612708
gas_station,Sunoco Food Market,40.0313866,-75.0835111
gas_station,Philly Gas,40.0213905,-75.05147649999999
gas_station,Sunoco Gas Station,40.03139289999999,-75.0834371
gas_station,BP,40.0068979,-75.1233039
gas_station,LUKOIL,39.95404399999999,-75.0600202
gas_station,Liberty,39.9911982,-75.131142
gas_station,CITGO,40.0314212,-75.0841633
gas_station,Gulf,39.9900096,-75.0243187
gas_station,BP,39.981526,-75.0230821
gas_station,Sunoco Gas Station,40.0025,-75.02499999999999
gas_station,Greyhound Aramingo Petroleum,39.98363500000001,-75.115943
gas_station,Wawa,39.9873509,-75.0226859
gas_station,Lukoil Service Station,39.9917541,-75.1351483
gas_station,Sunoco Gas Station,40.02728390000001,-75.1102743
gas_station,Luzerne Atlantic,40.0304535,-75.1043688
gas_station,Richmond A Plus,39.9891863,-75.0902119
gas_station,EASTCOAST,40.0028381,-75.07958219999999
gas_station,Speedway,39.99420260000001,-75.0946831
gas_station,PHILADELPHIA LUKOIL,40.0079057,-75.0732859
gas_station,Mroz Service Center,39.9863069,-75.100465
gas_station,Habib Enterprise Llc,39.9911008,-75.1020699
gas_station,Sunoco Gas Station,39.9911703,-75.10213920000001
gas_station,Citi Gas Convenience,40.00634979999999,-75.0912886
gas_station,RIGGINS,40.0066586,-75.0913879
gas_station,CITI STAR GAS,40.006719,-75.0913504
gas_station,Speedway,40.0050907,-75.10892539999999
gas_station,Merit Oil Corporation,40.00514510000001,-75.1089769
gas_station,UNITED GAS,39.9625274,-75.0821311
gas_station,Complete Auto Car Wash,40.0113959,-75.10928969999999
gas_station,US Gas Station,39.9673701,-75.0499178
gas_station,Wawa,39.977163,-75.11843549999999
gas_station,BP,40.006212,-75.095063
gas_station,BP,39.99623299999999,-75.032028
gas_station,BP,40.0324969,-75.0845114
gas_station,CFI,39.989926,-75.043447
gas_station,Exxon,39.9705135,-75.0435976
gas_station,Exxon,39.97517899999999,-75.121588
gas_station,Sunoco Gas Station,39.9916707,-75.1096352
gas_station,O'Brien's Sunoco Ultra Services Center,39.9836259,-75.1161126
gas_station,Sunoco Gas Station,39.9865667,-75.12230129999999
gas_station,Sunoco Gas Station,39.983314,-75.1011465
gas_station,American Auto Wash,40.0130319,-75.06922689999999
gas_station,Sunoco Mini Mart,39.9910714,-75.1020422
gas_station,Exxon,40.0133212,-75.1197421
gas_station,Northeast Gas Mart,40.0140705,-75.06817889999999
gas_station,BP,39.9959519,-75.09266149999999
gas_station,Exxon,40.013959,-75.0681926
gas_station,BP,40.01254429999999,-75.1193425
gas_station,Sunoco Gas Station,39.9891817,-75.0900516
gas_station,Wawa,39.9971364,-75.0885823
grocery_or_supermarket,Frankford Food Market,39.99672109999999,-75.1031203
grocery_or_supermarket,Quality Food Center,40.0164827,-75.0841686
grocery_or_supermarket,Quick Stop,39.9838681,-75.1255341
grocery_or_supermarket,Fine Foods Market Inc,40.0008428,-75.072496
grocery_or_supermarket,Cousin's Food Market,39.9987949,-75.12680879999999
grocery_or_supermarket,Cramer Hill Supermarket,39.9602251,-75.0863421
grocery_or_supermarket,ALDI,40.0066537,-75.0977915
grocery_or_supermarket,Medina food market,39.9954371,-75.11488949999999
grocery_or_supermarket,Club salud y vida,39.996913,-75.114819
grocery_or_supermarket,Save-A-Lot,39.94955789999999,-75.0675076
grocery_or_supermarket,Cousins Supermarket Warehouse #2,40.009264,-75.118951
grocery_or_supermarket,"ALDI Philadelphia, PA",40.0108512,-75.1131201
grocery_or_supermarket,Sunoco Food Market,40.0313866,-75.0835111
grocery_or_supermarket,Fresh Produce,40.0000775,-75.0289078
grocery_or_supermarket,Linda's Grocery & Deli,39.9581131,-75.06658019999999
grocery_or_supermarket,Meadowbrook Food Center,39.9627879,-75.0353061
grocery_or_supermarket,Meadowbrook Farmer's Market,39.9629364,-75.0354011
grocery_or_supermarket,Fine Fare Supermarkets,39.9834141,-75.132813
grocery_or_supermarket,Browning Foods LLC,39.9547737,-75.05851899999999
grocery_or_supermarket,Fillit Inc,39.99759999999999,-75.0457
grocery_or_supermarket,Robert Lachowicz Quality Foods,40.0000674,-75.07621089999999
grocery_or_supermarket,Produce City LLC,40.03095,-75.054974
grocery_or_supermarket,Golden City,40.0108965,-75.1072078
grocery_or_supermarket,Don Pedro Meats & Market,40.0352754,-75.0811042
grocery_or_supermarket,Arfa Enterprises Inc,39.99409179999999,-75.03026679999999
grocery_or_supermarket,Santiago Dominican Supermarket,39.99099699999999,-75.111761
grocery_or_supermarket,Hank's Deli,39.9882081,-75.10987899999999
grocery_or_supermarket,Harrison Food Market,40.0184378,-75.08003959999999
grocery_or_supermarket,Neighborhood Market,40.0167209,-75.0843216
grocery_or_supermarket,ECHAVARRIA GROCERY,39.99515400000001,-75.116536
grocery_or_supermarket,Lisa & Charlie,40.0179239,-75.05850420000002
grocery_or_supermarket,Jv Food Market,40.02342339999999,-75.1151069
grocery_or_supermarket,Chiquita Brands,39.9799592,-75.0900363
grocery_or_supermarket,Luciano,40.0049198,-75.0805701
grocery_or_supermarket,Ontario Food Market,39.9880159,-75.0991906
grocery_or_supermarket,Family Groceries,40.0002408,-75.0996172
grocery_or_supermarket,Sanchez Grocery,40.0105792,-75.0792932
grocery_or_supermarket,Clarica Minimarket,40.0105239,-75.0829018
grocery_or_supermarket,Delicia Grocery 2,39.99890899999999,-75.102155
grocery_or_supermarket,Perlata Grocery,39.9972903,-75.1035277
grocery_or_supermarket,Walmart,40.031806,-75.099261
grocery_or_supermarket,ShopRite,39.9947799,-75.0919005
grocery_or_supermarket,Walmart Supercenter,39.99900199999999,-75.09176099999999
grocery_or_supermarket,Garcia's Grocery Llc,40.001089,-75.1240211
grocery_or_supermarket,Leticia Grocery,39.99580099999999,-75.1214834
grocery_or_supermarket,Castor Avenue Market LLC,40.01867360000001,-75.09520979999999
grocery_or_supermarket,Save-A-Lot,39.9844973,-75.12137560000001
grocery_or_supermarket,Save-A-Lot,39.995676,-75.09120999999999
grocery_or_supermarket,Associated Market Place,40.004949,-75.104354
grocery_or_supermarket,otolith sustainable seafood,39.98422739999999,-75.1231121
grocery_or_supermarket,Sam's Super Market,39.9938597,-75.1304062
grocery_or_supermarket,Wilson's Famous Blue Ribbon,39.9946119,-75.0964308
grocery_or_supermarket,Garrisons Grocery Store,39.97867970000001,-75.12618239999999
grocery_or_supermarket,Holiday Thriftway,40.0218461,-75.0782749
grocery_or_supermarket,TheRichmondShops.com IGA of Aramingo Ave,39.97530769999999,-75.1195974
grocery_or_supermarket,J & S Grocery,40.00201190000001,-75.13235390000001
grocery_or_supermarket,Los Manueles Grocery,40.01768969999999,-75.075283
grocery_or_supermarket,Save-A-Lot,40.006394,-75.100342
grocery_or_supermarket,Mister Meat Inc,39.94910399999999,-75.067651
grocery_or_supermarket,Edible Arrangements,39.9962439,-75.0900769
hospital,Saint Christopher Hospital Children Infirmary,40.0064264,-75.12503889999999
hospital,St. Christopher's Hospital For Children- Genetics,40.0066313,-75.12461940000001
hospital,"Shadi Malaeb, MD",40.00630830000001,-75.1249861
hospital,Bhatia Darshita MD,40.00630830000001,-75.1249861
hospital,Worknet Occupational Medicine,39.9808594,-75.0225016
hospital,Associates of Maple Podiatry,39.9486633,-75.063643
hospital,Philadelphia Ear Nose and Throat Surgical Associates,39.98859269999999,-75.1066943
hospital,On Demand Urgent Care,39.9908579,-75.1024482
hospital,Pediatric Dental Associates- Episcopal Office,39.989965,-75.10602899999999
hospital,Frankford Pain Management & Medical Center,40.0193325,-75.08119219999999
hospital,Surgery Site - Aria Health Frankford Campus,40.0193083,-75.0815789
hospital,Institue for Advance Medicine and Wellness,40.0230108,-75.07591959999999
hospital,Former Parkview Hospital,40.0189374,-75.0989878
hospital,Mercy Suburban Hospital,40.00630830000001,-75.1249861
hospital,"Caroline Agnew, MD",40.0068426,-75.12434010000001
hospital,from broad and stenton to broad and Erie,40.0065244,-75.1245496
hospital,Epsicopal Hospital,39.99070690000001,-75.1289508
hospital,"Nation Care, Inc",40.025901,-75.04395199999999
hospital,Kensington Hospital,39.9817466,-75.1347251
hospital,St. Christopher's Hospital for Children,40.0065244,-75.1245496
hospital,Temple ReadyCare - Port Richmond,39.989965,-75.10602899999999
hospital,Cancer Treatment Centers of America at Eastern Regional Medical Center,40.0189971,-75.09893269999999
hospital,Temple University Episcopal Hospital,39.990001,-75.129058
hospital,Aria Health Frankford,40.0197098,-75.0817598
hospital,Friends Hospital,40.02598090000001,-75.1027241
hospital,Northeastern Ambulatory Care Center,39.9897412,-75.10628299999999
hospital,Episcopal Hospital Dept Of Psychiatry,39.99031659999999,-75.13020399999999
hospital,Northeastern Orthopedics,39.9897175,-75.1063911
hospital,Temple East Inc D B A Northeastern,39.989965,-75.10602899999999
hospital,St Christopher's Hospital-Children: Altman Ashley DO,40.0063706,-75.1252263
hospital,Women Care At Northeastern: Herrine Gail MD,39.9897125,-75.1063077
hospital,Soll Eye,40.0203216,-75.08012579999999
hospital,Booth Chiropractic Health and Rehabilitation,39.99126200000001,-75.10268599999999
hospital,Cooper Family Medicine,39.959574,-75.086664
hospital,Pennsauken Emergency Medical Services,39.95910629999999,-75.0555437
hospital,VITAS Inpatient Hospice Unit,40.0196895,-75.0817046
hospital,Premier Pediatrics,39.98828429999999,-75.1064354
hospital,Frankford Hospital,40.0082143,-75.1052244
hospital,MossRehab at Aria Health Frankford,40.01977979999999,-75.0817385
library,Pennsauken Free Public Library,39.957767,-75.057091
library,School of Nursing Library,39.989965,-75.10602899999999
library,Grand Army of the Republic Civil War Museum and Library,40.0111116,-75.0904832
library,Richmond Branch,39.983012,-75.10828599999999
library,Free Library of Philadelphia - Frankford Branch,40.0157558,-75.0850614
library,McPherson Square Branch,39.99483430000001,-75.11888549999999
library,Fishtown Community Branch,39.9718703,-75.1273016
library,Kensington Branch,39.9846324,-75.1326806
library,Tacony Branch,40.0253556,-75.04524479999999
library,Wyoming Branch,40.0213243,-75.120667
library,School of Nursing Library,40.0207034,-75.083171
library,Margery H Nelson Med Library,40.006182,-75.1253261
library,Franny Lou's Porch,39.983564,-75.12939
local_government_office,Pennsuaken Township Office,39.98179510000001,-75.0516828
local_government_office,Housing Authority of Camden,39.9507675,-75.0792215
local_government_office,Richmond Auto Tags,39.9767305,-75.11654519999999
local_government_office,Ferko Playground,40.0144914,-75.1054012
local_government_office,Philadelphia Housing Authority,40.0145568,-75.0778441
local_government_office,PrintEz PA,40.0156601,-75.0843391
local_government_office,Pennsylvania House of Representatives: Angel Cruz,40.0032463,-75.1236713
local_government_office,Auto Tags and Registration,40.01567250000001,-75.0844474
local_government_office,Philadelphia Housing Authority,40.0133194,-75.0774455
local_government_office,Photo License Center,40.0302845,-75.0585747
local_government_office,Philadelphia Mayor's Office,40.0172791,-75.08398249999999
local_government_office,Philadelphia Area Office A,40.0180144,-75.08633209999999
local_government_office,US Social Security Administration,39.99205430000001,-75.10202939999999
local_government_office,Philadelphia County Assistance Office Unity District,40.0078711,-75.090367
local_government_office,Auto Registration,40.015585,-75.0843569
local_government_office,Auto Registration PA,40.0156601,-75.0843391
local_government_office,Instant Auto Tags PA,40.0156601,-75.0843391
local_government_office,State Representative Jason Dawkins,40.0193623,-75.0810094
local_government_office,Tagz Auto Agency,40.009696,-75.111825
local_government_office,Mc Ilvain Playground,40.0236623,-75.0799931
local_government_office,Senator Christine M. Tartaglione,40.0284349,-75.0849724
local_government_office,Pennsauken Township Offices,39.9577989,-75.0570115
local_government_office,Imperial Auto Tags,40.0300903,-75.05784799999999
local_government_office,Pennrose Baldwin Run,39.95200930000001,-75.0828731
local_government_office,Fishtown Auto Tags,39.97823,-75.1245465
local_government_office,Philadelphia County Assistance Office,39.991224,-75.12785099999999
local_government_office,Dejesus Auto Tags II INC,40.00107200000001,-75.128541
local_government_office,Palmyra Sewer Disposal Plant,40.007083,-75.0302734
local_government_office,Lower Mayfair Playground,40.0286452,-75.0612579
local_government_office,Palmyra Borough Civil Defense,40.0031982,-75.0221553
local_government_office,Statewide Agency,39.99846,-75.1302745
local_government_office,"Pennsylvania Department of Transportation - Photo License Center, Mayfair",40.0293606,-75.0567444
local_government_office,City of Philadelphia Office of Fleet Management,40.0129627,-75.1253435
local_government_office,Palmyra Municipal Court,40.0031982,-75.0221553
local_government_office,SAFE SIDE SERVICES,40.020551,-75.117926
local_government_office,Auto Tags,40.0058897,-75.096668
local_government_office,Philly Auto Tags,40.0039359,-75.0944195
local_government_office,Dodge City,39.9597,-75.06099999999999
local_government_office,Citro Communications,40.0306555,-75.0846365
local_government_office,Sanitation Convenience Center,39.9845129,-75.0798422
local_government_office,Pennsauken Municipal Court,39.9644317,-75.0483935
local_government_office,"The Imperial Agency, Inc",40.0302114,-75.058452
local_government_office,Pennsauken Housing Rental Department,39.9644016,-75.0484797
local_government_office,Mayfair Driver and Vehicle Services - Penndot,40.0302008,-75.0586312
local_government_office,Pat's Auto Tags,39.98607419999999,-75.1045381
local_government_office,Delaware River Port Authority,39.977647,-75.0484836
local_government_office,Burlington County Bridge Commission,40.00681609999999,-75.0385847
local_government_office,Pat's Auto Tags,40.0164838,-75.06646789999999
local_government_office,Pennsylvania House of Representatives,40.011564,-75.1062048
local_government_office,Juniata Park Older Adult Center,40.0036459,-75.1044052
local_government_office,US Army Reserve,40.00891169999999,-75.0979784
local_government_office,Simpson. Recreation Center,40.0217701,-75.09323839999999
local_government_office,Philadelphia Air Management Lab,40.00899620000001,-75.0979599
local_government_office,Phila Passport & Visa Expediting Service,39.96788509999999,-75.1274849
local_government_office,Driver License Center,40.0266426,-75.0680955
local_government_office,Samuel Recreation Center,39.9912769,-75.096665
local_government_office,Instant Auto Tags Pa,40.01564139999999,-75.0843076
local_government_office,Pennsauken Emergency Medical Services,39.95910629999999,-75.0555437
local_government_office,PA AUTO TAGS,40.01567250000001,-75.0844474
local_government_office,Cione Playground,39.9816562,-75.11775879999999
lodging,Days Inn Philadelphia,40.0299272,-75.1061787
lodging,Cramer Hill CDC,39.951077,-75.0984993
lodging,Docuservices,40.02054399999999,-75.117869
lodging,Salvation Armry,39.95905500000001,-75.094004
lodging,Global Resorts Network-Independent Distibutor,39.9812342,-75.1218395
lodging,HACE Villa Cariba,39.9990392,-75.1315382
lodging,Super 104,39.99234420000001,-75.1334832
lodging,Louis House,40.031938,-75.0923912
lodging,Ivette's Kitchen,40.00756500000001,-75.0971711
mosque,Muslim Society of Delaware Valley,39.98363469999999,-75.13237819999999
mosque,مسجد الهدايه,40.0110169,-75.12450799999999
museum,Grand Army of the Republic Civil War Museum and Library,40.0111116,-75.0904832
museum,Griffith Morgan House,39.9903997,-75.04826779999999
museum,COMMUNITY LEARNING CNTER,39.98874800000001,-75.1197497
museum,Lest We Forget Black Holocaust Museum of Slavery,39.9886025,-75.0908154
museum,Grimaldi's Studio,39.9932569,-75.1076082
museum,Frankford Museum,40.0181162,-75.082742
museum,Castle Kenzo,39.9868745,-75.1267227
parking,Quality Park Management Llc,39.9772486,-75.1242606
parking,Laz Parking,40.0239297,-75.07701329999999
parking,Park & Ride,39.992184,-75.0388455
parking,Park & Ride,39.959988,-75.07930499999999
parking,Cottage Parking Lot,40.0171307,-75.0703686
parking,Parking Lot Ditman,40.0180592,-75.06098089999999
parking,Parking Sales-Services,39.9953312,-75.1356131
parking,Public Parking,40.0044639,-75.0223555
police,Pennsauken Township Police Department,39.9644016,-75.0484797
police,Philadelphia Police 24th District,40.0086219,-75.1219421
police,Philadelphia Police 15th District,40.0323747,-75.0641016
police,Philadelphia Police 2nd District,40.0324024,-75.0641526
police,Pennsauken Police Juvenile Division,39.9644016,-75.0484797
police,Palmyra Borough Police Department,40.0031982,-75.0221553
police,Philadelphia Police 26th District,39.9717275,-75.1267536
police,"East Police Division Headquarters; 24th/25th Police Districts, East Detective Division",40.00875359999999,-75.1221395
police,Philadelphia Police,40.0320648,-75.0641479
school,Visitation School,39.99013179999999,-75.1268472
school,Northwood Academy Charter School,40.0203174,-75.0945316
school,Mastbaum Area Vocational Technical School,39.9926016,-75.1122486
school,Stearne Allen M School,40.0119926,-75.08623879999999
school,Palmyra High School,40.0028091,-75.0274872
school,Christ Independent Baptist Academy,40.0083803,-75.08949439999999
school,Community Academy of Philadelphia Charter School,40.0043906,-75.1066641
school,Juniata Park Academy,40.0129645,-75.1111176
school,William Cramp Elementary School,40.00226929999999,-75.13009269999999
school,Conwell Middle School,39.9944352,-75.1145844
school,Pennsauken KinderCare,39.9628781,-75.0754949
school,Brightside Academy,39.996206,-75.11258269999999
school,Saint Martins School,40.0315007,-75.0862849
school,Luis Munoz Martin Elementary School,40.0028,-75.1301
school,Webster School,39.9963311,-75.10509619999999
school,Memphis Street Academy,39.98635039999999,-75.11275979999999
school,Richmond Elementary School,39.9835529,-75.1105702
school,Brightside Academy,40.015675,-75.0833497
school,Maritime Academy Charter School,40.0078381,-75.0680431
school,Smith & Solomon Driver Training,39.9958023,-75.0762562
school,AMY at James Martin School,39.985594,-75.0971572
school,Horatio B Hackett School,39.9812591,-75.1266263
school,Mastery Charter School – Smedley Elementary,40.0196872,-75.0740096
school,St Martin Of Tours Church: Social Services,40.0316631,-75.0866242
school,Community Education Center,40.0093085,-75.11859179999999
school,Saint Hughs School,40.0048345,-75.1312873
school,Family Fun,39.959588,-75.05653710000001
school,Hunter Elementary School,39.9868638,-75.132282
school,Nana's Daycare,40.0055498,-75.0920228
school,Brightside Academy,39.99811379999999,-75.12361229999999
school,Camden Academy Charter High School,39.95745730000001,-75.08573670000001
school,Stetson Junior High School,39.999076,-75.1255439
school,St George School,39.988562,-75.093199
school,Woodrow Wilson High School,39.9459461,-75.0771178
school,Urban Promise Ministries,39.94839109999999,-75.07178549999999
school,Philip H Sheridan Elementary School,39.99940829999999,-75.11421949999999
school,Brightside Academy,39.9875692,-75.1293314
school,Brightside Academy,40.0053446,-75.09831729999999
school,Penn Treaty Middle School,39.9726,-75.1276
school,Harrison Heart Daycare,40.02917,-75.084896
school,Horn School,39.99955680000001,-75.0982303
school,Longfellow School,40.0084455,-75.07100679999999
school,Powers School,39.9887236,-75.11962009999999
school,Franklin Towne Charter High School,40.00728960000001,-75.06684670000001
school,Frankford High School,40.021617,-75.0851797
school,Pennsylvania Treaty Junior High School,39.972831,-75.12699119999999
school,Chandler School,39.9698348,-75.1265648
school,First Philadelphia Preparatory Charter School,40.0074171,-75.08196889999999
school,Thomas Alva Edison High School.,40.011787,-75.1294942
school,Pennsauken High School,39.98665039999999,-75.02735659999999
school,Warren G. Harding Middle School,40.01299949999999,-75.0746132
school,Frankford Friends School,40.0153913,-75.0873074
school,Camelot Schools,40.0263411,-75.1031399
school,Camden's Charter School Network,39.95745549999999,-75.0857374
school,Frances E. Willard School,39.9932709,-75.11641139999999
school,Harding Junior High School,40.0128899,-75.0740623
school,Lewis Elkin Elementary School,39.996953,-75.1209281
school,All Saints School,40.0018894,-75.0696841
school,John H. Webster Public School,39.99617750000001,-75.104548
school,St. Joseph Pro-Cathedral,39.94718919999999,-75.08345109999999
shopping_mall,Imperial Plaza,39.99151010000001,-75.1016557
shopping_mall,Port Richmond Village,39.9746696,-75.1201806
shopping_mall,The Shops at Aramingo,39.9955764,-75.09131289999999
shopping_mall,granddog,40.004827,-75.10572499999999
shopping_mall,Mayfair Shopping Center,40.0297187,-75.058118
shopping_mall,Adams Plaza,40.0131489,-75.0924959
shopping_mall,Harrowgate Plaza Shopping Center,40.00229699999999,-75.1111176
shopping_mall,Pennsauken Shopping Center,39.95469219999999,-75.0584976
shopping_mall,Browning Rd,39.9546473,-75.0604876
shopping_mall,Nail hair - cô lý,40.0329163,-75.0719324
shopping_mall,Bustleton/Robbins Shopping Center,40.0334858,-75.0721738
shopping_mall,Plaza Americana Inc,39.9924147,-75.1357043
shopping_mall,Northeast Tower Center,40.03201780000001,-75.100565
stadium,Frankford Stadium,40.0255026,-75.088308
transit_station,Orthodox St & Belgrade St,40.00081799999999,-75.07669299999999
transit_station,Castor Av & Thompson St,39.99091600000001,-75.09132199999999
transit_station,Thompson St & Lefevre St,40.000708,-75.07251099999999
transit_station,Richmond St & Buckius St,39.999503,-75.069101
transit_station,Richmond St & Venango St,39.987732,-75.092129
transit_station,Delaware Av & Venango St,39.981263,-75.086229
transit_station,Lefevre St & Almond St,40.001513,-75.073086
transit_station,Castor Av & Gaul St,39.9932707,-75.09325989999999
transit_station,Butler St & Aramingo Av - FS,39.996238,-75.09228999999999
transit_station,Lefevre St & Miller St,40.002658,-75.073943
transit_station,Thompson St & Buckius St,40.001711,-75.07060299999999
transit_station,Richmond St & Ash St,40.000381,-75.067407
transit_station,Orthodox St & Aramingo Av - FS,40.003837,-75.077482
transit_station,Delaware Av & Tioga St,39.98050300000001,-75.08890199999999
transit_station,Richmond St & Tioga St,39.98656,-75.094438
transit_station,Thompson St & Ash St,40.002519,-75.06913399999999
transit_station,Aramingo Av & Castor Av,39.9945885,-75.09501829999999
transit_station,Butler St & Aramingo Av - MBNS,39.997419,-75.093525
transit_station,Richmond St & Kirkbride St,40.001047,-75.06608
transit_station,Orthodox St & Bermuda St,40.004766,-75.07766699999999
transit_station,Lefevre St & Pearce St - FS,40.004813,-75.075456
transit_station,Aramingo Av & Venango St,39.99351,-75.096958
transit_station,Butler St & Sepviva St,39.99861800000001,-75.094394
transit_station,Richmond St & Ontario St - FS,39.985459,-75.096558
transit_station,Orthodox St & Stiles St,40.006123,-75.077979
transit_station,Margaret St & Stiles St,40.006296,-75.075863
transit_station,Richmond St & Bridge St,40.002452,-75.064348
transit_station,Bridge St & Salmon St,40.003348,-75.065691
transit_station,Thompson St & Bridge St - FS,40.004237,-75.067376
transit_station,Orthodox St & Melrose St,40.00679299999999,-75.07812899999999
transit_station,Aramingo Av & Tioga St,39.99238299999999,-75.09910200000002
transit_station,Aramingo Av & Tioga St,39.99207999999999,-75.099387
transit_station,Orthodox St & Tacony St,40.00749,-75.078268
transit_station,Margaret St & Tacony St,40.0076,-75.076128
transit_station,Delaware Av & Ontario St,39.979206,-75.09437799999999
transit_station,Pennsauken Transit Center Light Rail STA,39.978276,-75.061962
transit_station,Richmond St & Westmoreland St - FS,39.98424300000001,-75.099116
transit_station,Bridge St & Ramsay Rd - FS south of I95,40.006775,-75.068427
transit_station,Richmond St & Westmoreland St Loop,39.984253,-75.099458
transit_station,Torresdale Av & Womrath St,40.007103,-75.086885
transit_station,Pennsauken Transit Center,39.977769,-75.061796
transit_station,Arrott Transportation Center - MFL,40.016564,-75.08380199999999
transit_station,Richmond St & Lewis St - FS,39.99309499999999,-75.08188299999999
transit_station,Richmond St & Berkshire St,39.994719,-75.078756
transit_station,Richmond St & Luzerne St,39.99245500000001,-75.08311499999999
transit_station,Richmond St & Alresford St,39.995296,-75.077536
transit_station,Richmond St & Hedley St,39.995677,-75.076506
transit_station,Richmond St & Wheatsheaf Ln,39.99141700000001,-75.08514
transit_station,Delaware Av & Wheatsheaf Ln,39.98477,-75.079442
transit_station,Richmond St & Sellers St,39.996725,-75.074776
transit_station,Richmond St & Butler St - FS,39.990298,-75.087355
transit_station,Richmond St & Orthodox St,39.997159,-75.073651
transit_station,Orthodox St & Salmon St,39.998089,-75.07428399999999
transit_station,Thompson St & Orthodox St,39.999315,-75.0752
transit_station,Richmond St & Castor Av,39.98898399999999,-75.089665
transit_station,Delaware Av & Castor Av,39.982524,-75.083765
transit_station,Richmond St & Lefevre St,39.998517,-75.071044
transit_station,Castor Av & Salmon St,39.98971700000001,-75.090276
transit_station,Orthodox St & Almond St,40.000094,-75.076071
transit_station,Lefevre St & Salmon St,39.999385,-75.071525
